{"total_receita": 737584026.8999995, "ticket_medio": 18442.82816742929, "top_categoria": "Roupas", "pf_vs_pj": {"PJ": 372914782.0499997, "PF": 364669244.84999996}}